{
    "name": "Garage - Server",
    "service": "server",
    "dockerComposeFile": "../../docker-compose.dev.yaml",
    "workspaceFolder": "/app",
    "customizations": {
        "vscode": {
            "extensions": [
                "christian-kohler.npm-intellisense",
                "VisualStudioExptTeam.vscodeintellicode",
                "biomejs.biome",
                  "rangav.vscode-thunder-client"
            ],

            "settings": {
                "explorer.compactFolders": false,

                "[javascript]": {
                "editor.formatOnSave": true,
                "editor.formatOnType": true,
                "editor.defaultFormatter": "biomejs.biome"},

                "[javascriptreact]": {
                "editor.formatOnSave": true,
                "editor.formatOnType": true,
                "editor.defaultFormatter": "biomejs.biome"},

                "[json]": {
                "editor.formatOnSave": true,
                "editor.formatOnType": true,
                "editor.defaultFormatter": "biomejs.biome"},

                "[typescript]": {
                "editor.formatOnSave": true,
                "editor.formatOnType": true,
                "editor.defaultFormatter": "biomejs.biome"},

                "editor.codeActionsOnSave": {
                "source.fixAll": "always"}

            }
        }
    }
}